<?xml version="1.0" encoding="UTF-8" standalone="yes"?>
<ExtensionManifest Version="5.0" ExtensionBundleId="Dazed.Design.Specees.sa" ExtensionBundleVersion="1.6.3" ExtensionBundleName="Specees Dev" xmlns:xsi="http://www.w3.org/2001/XMLSchema-instance">
  <ExtensionList>
    <Extension Id="Dazed.Design.Specees.sa" Version="1.6.3"/>
  </ExtensionList>
  <ExecutionEnvironment>
    <HostList>
      <Host Name="ILST" Version="[21.0,29.9]"/>
    </HostList>
    <LocaleList>
      <Locale Code="All"/>
    </LocaleList>
    <RequiredRuntimeList>
      <RequiredRuntime Name="CSXS" Version="7.0"/>
    </RequiredRuntimeList>
  </ExecutionEnvironment>
  <DispatchInfoList>
    <Extension Id="Dazed.Design.Specees.sa">
      <DispatchInfo>
        <Resources>
          <MainPath>./build/index.html</MainPath>
          <ScriptPath>./jsx/lib/hostscript.jsx</ScriptPath>
          <CEFCommandLine>
            <Parameter>--enable-nodejs</Parameter>
            <Parameter>--mixed-context</Parameter>
          </CEFCommandLine>
        </Resources>
        <Lifecycle>
          <AutoVisible>true</AutoVisible>
          <StartOn>

                    </StartOn>
        </Lifecycle>
        <UI>
          <Type>Panel</Type>
          <Menu>Specees 标注插件</Menu>
          <Geometry>
            <Size>
              <Height>373</Height>
              <Width>252</Width>
            </Size>
            <MinSize>
              <Height>373</Height>
              <Width>252</Width>
            </MinSize>
            <MaxSize>
              <Height>736</Height>
              <Width>500</Width>
            </MaxSize>
          </Geometry>
          <Icons>
            <Icon Type="Normal">./icons/icon-normal.png</Icon>
            <Icon Type="RollOver">./icons/icon-rollover.png</Icon>
            <Icon Type="Disabled">./icons/icon-dark.png</Icon>
            <Icon Type="DarkNormal">./icons/icon-dark.png</Icon>
            <Icon Type="DarkRollOver">./icons/icon-rollover.png</Icon>
          </Icons>
        </UI>
      </DispatchInfo>
    </Extension>
  </DispatchInfoList>
</ExtensionManifest>